Property_Code,Ref_Property_ID,Tenant_Code,Ext_Ref_Tenant_Id,Prospect_Code,Ref_Prospect_Id,Unit_Code,First_Name,Last_Name,Social_Security_Number,Move_In_Date,Move_Out_Date,Notice_Date,Lease_From_Date,Lease_To_Date,Lease_Sign_Date,Email,Phone_Number_1,Phone_Number_2,Phone_Number_3,Phone_Number_4,Status,General_Info_1,General_Info_2,General_Info_3,General_Info_4,General_Info_5,General_Info_6,General_Info_7,General_Info_8,General_Info_9,General_Info_10,General_Info_11,General_Info_12,General_Info_13,General_Info_14,Address1,Address2,City,State,Zipcode,Rent,Due_Day,Last_Month_Rent_Deposit,Paid_To_Date,Salutation,Renew_Date,Security_Deposit_0,Security_Deposit_1,Security_Deposit_2,Security_Deposit_3,Security_Deposit_4,Security_Deposit_5,Security_Deposit_6,Security_Deposit_7,Security_Deposit_8,Security_Deposit_9,Non_Sufficient_Fund_Count,Late_Fee_Count,Middle_Name,LateMin,LatePerDay,LateType,LateGrace,LatePercent,LateGrace2,LateAmount2,LatePercent2,LateAmountMax,LatePercentMax,LateDaysMax,LateTypeMax,LateType2,LateMinDueAmount,LeaseGrossSQFT,MovedOut,MaintenanceNotes,LeaseType,BillToCustomer,ExtraAddressLine,Gets1099,Payment_Type,Payable_Type,ACHOptOut,MTM,LeaseTerm,NoticeType,Affordable_Type,Ref_Unit_Id,RGI_Type
44400001,,t0000001,,p0000001,,A-0103,Abul,Ali,,8/3/2020,,,8/3/2020,8/2/2021,8/3/2020,,,,,,0,,,,,,,,,,,,,,,7 New Lion Way,Ashwell Apartments,London,,SE17 1GN,2407,1,0,,,,0,0,0,0,0,0,0,0,0,0,0,0,,0,0,,0,0,0,0,0,0,0,0,0,0,0,0,0,,0,0,,0,0,0,0,0,12,0,0,,0
44400001,,t0000004,,p0000009,,A-0203,Father,Christmas,,,,,9/1/2020,8/31/2021,,,,,,,7,,,,,,,,,,,,,,,Northpole,,Lapland,,L1,2407,1,0,,,,0,0,0,0,0,0,0,0,0,0,0,0,,0,0,,0,0,0,0,0,0,0,0,0,0,0,0,0,,0,0,,0,0,0,0,0,12,0,0,,0
44400001,,t0000211,,p0000016,,A-0701,Tesla,Corporation,,8/3/2020,,,8/3/2020,8/2/2023,8/3/2020,spacex@gmail.gz,,,,569874123,0,,,,,,,,,,,,,,,7 New Lion Way,Ashwell Apartments,London,,SE17 1GN,2462,1,0,,,,0,0,0,0,0,0,0,0,0,0,0,0,,0,0,,0,0,0,0,0,0,0,0,0,0,0,0,0,,0,0,,0,0,0,0,0,36,0,0,,0
44400001,,t0000213,,p0000020,,B-0603,Asgard,Enterprises,,8/3/2020,,,8/3/2020,8/2/2021,,asgard@gmail.gz,,,,123789456,6,,,,,,,,,,,,,,,20 Triton Place,,London,,NW1 1TA,2417,1,0,,,,0,0,0,0,0,0,0,0,0,0,0,0,,0,0,,0,0,0,0,0,0,0,0,0,0,0,0,0,,0,0,,0,0,0,0,0,12,0,0,,0
44400001,,t0000210,,p0000014,,D-2402,Spongebob,Squarepants,,8/22/2020,,,8/22/2020,8/21/2021,8/3/2020,spongebob@gmail.gz,,,,987654321,2,,,,,,,,,,,,,,,5 Bikini Bottom,The Atoll,London,,SW12 1TT,3000,1,0,,,,0,0,0,0,0,0,0,0,0,0,0,0,,0,0,,0,0,0,0,0,0,0,0,0,0,0,0,0,,0,0,,0,0,0,0,0,12,0,0,,0
44400001,,t0000214,,p0000013,,D-2408,Taylor,Swift,,8/3/2020,,,8/3/2020,8/2/2022,8/3/2020,abc1@gmail.gz,,,,,0,,,,,,,,,,,,,,,52 New Kent Road,New Cooper Point,London,,SE1 6FW,2522,1,0,,,,0,0,0,0,0,0,0,0,0,0,0,0,,0,0,,0,0,0,0,0,0,0,0,0,0,0,0,0,,0,0,,0,0,0,0,0,24,0,0,,0
rc_test,,t0000003,,p0000006,,RCUNIT01,Peter,Rabbit,,,,,,,,rentcafe.lendlease+peterrabbit@gmail.com,123456789,234567891,345678912,456789123,7,,,,,,,,,,,,,,,The Warren,On the Hill,London,,NW1 1TA,2900,1,0,,,,0,0,0,0,0,0,0,0,0,0,0,0,,0,0,,,0,0,0,0,0,0,0,0,0,0,0,0,,0,0,,0,0,0,0,0,24,0,0,,0
rc_test,,t0000212,,p0000018,,RCUNIT04,A1,TEST,,8/3/2020,,,8/3/2020,8/2/2021,8/3/2020,A1test@gmail.gz,,,,789456123,0,,,,,,,,,,,,,,,Rent Cafe Test Property Unit 04,201-249 Avebury Blvd,Milton Keynes,,MK9 1AZ,2600,1,0,,,,0,0,0,0,0,0,0,0,0,0,0,0,,0,0,,,0,0,0,0,0,0,0,0,0,0,0,0,,0,0,,0,0,0,0,0,12,0,0,,0
rc_test,,t0000002,,p0000004,,RCUNIT05,Thor,Odinson,,6/20/2020,,7/10/2020,6/13/2020,6/12/2023,6/8/2020,rentcafe.lendlease+thor@gmail.com,234567891,123456789,456789123,345678912,4,UD0,UD1,UD2,UD3,UD4,UD5,UD6,UD7,UD8,UD9,UD10,UD11,UD12,UD13,Rent Cafe Test Property Unit 05,201-249 Avebury Blvd,Milton Keynes,,MK9 1AZ,2650,1,0,,,,0,0,0,0,0,0,0,0,0,0,0,0,,0,0,,,0,0,0,0,0,0,0,0,0,0,0,0,,0,0,,0,0,0,0,0,36,1,0,,0
4440s001,,t0000008,,,,E-0101,,London and Quadrant Housing Trust,,1/1/2018,,,1/1/2018,12/31/2267,,scinvoices@lqgroup.org.uk,,,,,0,,,,,,,,,,,,,,,Cray House,,,,,0,1,0,,,,0,0,0,0,0,0,0,0,0,0,,,,0,0,,,,,0,,0,,0,,,0,0,0,,0,0,,0,0,0,0,,,,,,0
4440s001,,t0000005,,,,E-0101,,London and Quadrant Housing Trust,,1/1/2018,,,1/1/2018,12/31/2267,,Shaun.Gillen@Yardi.Com,7920547286,,,,0,,,,,,,,,,,,,,,Avebury House,201-209 Avebury Boulevard,Milton Keynes,,MK9 1AX,0,1,0,,,,0,0,0,0,0,0,0,0,0,0,,,,0,0,,,,,0,,0,,0,,,0,0,0,,0,0,,0,0,0,0,,,,,,0
4440s001,,t0000174,,,,E-0101,,Legal Entity,,,,,12/31/1899,,,,,,,,0,,,,,,,,,,,,,,,,,,,,0,0,0,,,,0,0,0,0,0,0,0,0,0,0,,,,0,0,,0,0,0,0,0,0,0,0,0,0,0,0,0,,0,0,,0,0,0,0,,,,,,0
4440s001,,t0000175,,,,E-0101,,Lendlease (Elephant & Castle) Retail Limited,,,,,,,,,,,,,2,,,,,,,,,,,,,,,,,,,,0,1,0,,,,0,0,0,0,0,0,0,0,0,0,,,,0,0,,,,,0,,0,,0,,,0,0,0,,0,0,,0,0,0,0,,,,,,0
4440s001,,t0000185,,,,E-0101,,London and Quadrant Housing Trust,,,,,,,,,,,,,2,,,,,,,,,,,,,,,,,,,,0,1,0,,,,0,0,0,0,0,0,0,0,0,0,,,,0,0,,,,,0,,0,,0,,,0,0,0,,0,0,,0,0,0,0,,,,,,0
4440s001,,t0000011,,,,E-0101,,London and Quadrant Housing Trust,,1/1/2018,,,1/1/2018,12/31/2267,,scinvoices@lqgroup.org.uk,,,,,0,,,,,,,,,,,,,,,Cray House,,,,,0,1,0,,,,0,0,0,0,0,0,0,0,0,0,,,,0,0,,,,,0,,0,,0,,,0,0,0,,0,0,,0,0,0,0,,,,,,0
4440s001,,t0000014,,,,E-0101,,London and Quadrant Housing Trust,,1/1/2018,,,1/1/2018,12/31/2267,,scinvoices@lqgroup.org.uk,,,,,0,,,,,,,,,,,,,,,Cray House,,,,,0,1,0,,,,0,0,0,0,0,0,0,0,0,0,,,,0,0,,,,,0,,0,,0,,,0,0,0,,0,0,,0,0,0,0,,,,,,0
4440s001,,t0000006,,,,E-0102,,London and Quadrant Housing Trust,,1/1/2018,,,1/1/2018,12/31/2267,,scinvoices@lqgroup.org.uk,,,,,0,,,,,,,,,,,,,,,Cray House,,,,,0,1,0,,,,0,0,0,0,0,0,0,0,0,0,,,,0,0,,,,,0,,0,,0,,,0,0,0,,0,0,,0,0,0,0,,,,,,0
4440s001,,t0000007,,,,E-0103,,London and Quadrant Housing Trust,,1/1/2018,,,1/1/2018,12/31/2267,,scinvoices@lqgroup.org.uk,,,,,0,,,,,,,,,,,,,,,Cray House,,,,,0,1,0,,,,0,0,0,0,0,0,0,0,0,0,,,,0,0,,,,,0,,0,,0,,,0,0,0,,0,0,,0,0,0,0,,,,,,0
4440s001,,t0000009,,,,E-0104,,London and Quadrant Housing Trust,,1/1/2018,,,1/1/2018,12/31/2267,,scinvoices@lqgroup.org.uk,,,,,0,,,,,,,,,,,,,,,Cray House,,,,,0,1,0,,,,0,0,0,0,0,0,0,0,0,0,,,,0,0,,,,,0,,0,,0,,,0,0,0,,0,0,,0,0,0,0,,,,,,0
4440s001,,t0000010,,,,E-0105,,London and Quadrant Housing Trust,,1/1/2018,,,1/1/2018,12/31/2267,,scinvoices@lqgroup.org.uk,,,,,0,,,,,,,,,,,,,,,Cray House,,,,,0,1,0,,,,0,0,0,0,0,0,0,0,0,0,,,,0,0,,,,,0,,0,,0,,,0,0,0,,0,0,,0,0,0,0,,,,,,0
4440s001,,t0000012,,,,E-0201,,London and Quadrant Housing Trust,,1/1/2018,,,1/1/2018,12/31/2267,,scinvoices@lqgroup.org.uk,,,,,0,,,,,,,,,,,,,,,Cray House,,,,,0,1,0,,,,0,0,0,0,0,0,0,0,0,0,,,,0,0,,,,,0,,0,,0,,,0,0,0,,0,0,,0,0,0,0,,,,,,0
4440s001,,t0000013,,,,E-0202,,London and Quadrant Housing Trust,,1/1/2018,,,1/1/2018,12/31/2267,,scinvoices@lqgroup.org.uk,,,,,0,,,,,,,,,,,,,,,Cray House,,,,,0,1,0,,,,0,0,0,0,0,0,0,0,0,0,,,,0,0,,,,,0,,0,,0,,,0,0,0,,0,0,,0,0,0,0,,,,,,0
4440s001,,t0000015,,,,E-0203,,London and Quadrant Housing Trust,,1/1/2018,,,1/1/2018,12/31/2267,,scinvoices@lqgroup.org.uk,,,,,0,,,,,,,,,,,,,,,Cray House,,,,,0,1,0,,,,0,0,0,0,0,0,0,0,0,0,,,,0,0,,,,,0,,0,,0,,,0,0,0,,0,0,,0,0,0,0,,,,,,0
4440s001,,t0000016,,,,E-0204,,London and Quadrant Housing Trust,,1/1/2018,,,1/1/2018,12/31/2267,,scinvoices@lqgroup.org.uk,,,,,0,,,,,,,,,,,,,,,Cray House,,,,,0,1,0,,,,0,0,0,0,0,0,0,0,0,0,,,,0,0,,,,,0,,0,,0,,,0,0,0,,0,0,,0,0,0,0,,,,,,0
4440s001,,t0000017,,,,E-0205,,London and Quadrant Housing Trust,,1/1/2018,,,1/1/2018,12/31/2267,,scinvoices@lqgroup.org.uk,,,,,0,,,,,,,,,,,,,,,Cray House,,,,,0,1,0,,,,0,0,0,0,0,0,0,0,0,0,,,,0,0,,,,,0,,0,,0,,,0,0,0,,0,0,,0,0,0,0,,,,,,0
4440s001,,t0000018,,,,E-0301,,London and Quadrant Housing Trust,,1/1/2018,,,1/1/2018,12/31/2267,,scinvoices@lqgroup.org.uk,,,,,0,,,,,,,,,,,,,,,Cray House,,,,,0,1,0,,,,0,0,0,0,0,0,0,0,0,0,,,,0,0,,,,,0,,0,,0,,,0,0,0,,0,0,,0,0,0,0,,,,,,0
4440s001,,t0000019,,,,E-0302,,London and Quadrant Housing Trust,,1/1/2018,,,1/1/2018,12/31/2267,,scinvoices@lqgroup.org.uk,,,,,0,,,,,,,,,,,,,,,Cray House,,,,,0,1,0,,,,0,0,0,0,0,0,0,0,0,0,,,,0,0,,,,,0,,0,,0,,,0,0,0,,0,0,,0,0,0,0,,,,,,0
4440s001,,t0000020,,,,E-0303,,London and Quadrant Housing Trust,,1/1/2018,,,1/1/2018,12/31/2267,,scinvoices@lqgroup.org.uk,,,,,0,,,,,,,,,,,,,,,Cray House,,,,,0,1,0,,,,0,0,0,0,0,0,0,0,0,0,,,,0,0,,,,,0,,0,,0,,,0,0,0,,0,0,,0,0,0,0,,,,,,0
4440s001,,t0000021,,,,E-0304,,London and Quadrant Housing Trust,,1/1/2018,,,1/1/2018,12/31/2267,,scinvoices@lqgroup.org.uk,,,,,0,,,,,,,,,,,,,,,Cray House,,,,,0,1,0,,,,0,0,0,0,0,0,0,0,0,0,,,,0,0,,,,,0,,0,,0,,,0,0,0,,0,0,,0,0,0,0,,,,,,0
4440s001,,t0000022,,,,E-0305,,London and Quadrant Housing Trust,,1/1/2018,,,1/1/2018,12/31/2267,,scinvoices@lqgroup.org.uk,,,,,0,,,,,,,,,,,,,,,Cray House,,,,,0,1,0,,,,0,0,0,0,0,0,0,0,0,0,,,,0,0,,,,,0,,0,,0,,,0,0,0,,0,0,,0,0,0,0,,,,,,0
4440s001,,t0000023,,,,E-0401,,London and Quadrant Housing Trust,,1/1/2018,,,1/1/2018,12/31/2267,,scinvoices@lqgroup.org.uk,,,,,0,,,,,,,,,,,,,,,Cray House,,,,,0,1,0,,,,0,0,0,0,0,0,0,0,0,0,,,,0,0,,,,,0,,0,,0,,,0,0,0,,0,0,,0,0,0,0,,,,,,0
4440s001,,t0000024,,,,E-0402,,London and Quadrant Housing Trust,,1/1/2018,,,1/1/2018,12/31/2267,,scinvoices@lqgroup.org.uk,,,,,0,,,,,,,,,,,,,,,Cray House,,,,,0,1,0,,,,0,0,0,0,0,0,0,0,0,0,,,,0,0,,,,,0,,0,,0,,,0,0,0,,0,0,,0,0,0,0,,,,,,0
4440s001,,t0000025,,,,E-0403,,London and Quadrant Housing Trust,,1/1/2018,,,1/1/2018,12/31/2267,,scinvoices@lqgroup.org.uk,,,,,0,,,,,,,,,,,,,,,Cray House,,,,,0,1,0,,,,0,0,0,0,0,0,0,0,0,0,,,,0,0,,,,,0,,0,,0,,,0,0,0,,0,0,,0,0,0,0,,,,,,0
4440s001,,t0000026,,,,E-0404,,London and Quadrant Housing Trust,,1/1/2018,,,1/1/2018,12/31/2267,,scinvoices@lqgroup.org.uk,,,,,0,,,,,,,,,,,,,,,Cray House,,,,,0,1,0,,,,0,0,0,0,0,0,0,0,0,0,,,,0,0,,,,,0,,0,,0,,,0,0,0,,0,0,,0,0,0,0,,,,,,0
4440s001,,t0000027,,,,E-0405,,London and Quadrant Housing Trust,,1/1/2018,,,1/1/2018,12/31/2267,,scinvoices@lqgroup.org.uk,,,,,0,,,,,,,,,,,,,,,Cray House,,,,,0,1,0,,,,0,0,0,0,0,0,0,0,0,0,,,,0,0,,,,,0,,0,,0,,,0,0,0,,0,0,,0,0,0,0,,,,,,0
4440s001,,t0000028,,,,E-0501,,London and Quadrant Housing Trust,,1/1/2018,,,1/1/2018,12/31/2267,,scinvoices@lqgroup.org.uk,,,,,0,,,,,,,,,,,,,,,Cray House,,,,,0,1,0,,,,0,0,0,0,0,0,0,0,0,0,,,,0,0,,,,,0,,0,,0,,,0,0,0,,0,0,,0,0,0,0,,,,,,0
4440s001,,t0000029,,,,E-0502,,London and Quadrant Housing Trust,,1/1/2018,,,1/1/2018,12/31/2267,,scinvoices@lqgroup.org.uk,,,,,0,,,,,,,,,,,,,,,Cray House,,,,,0,1,0,,,,0,0,0,0,0,0,0,0,0,0,,,,0,0,,,,,0,,0,,0,,,0,0,0,,0,0,,0,0,0,0,,,,,,0
4440s001,,t0000030,,,,E-0503,,London and Quadrant Housing Trust,,1/1/2018,,,1/1/2018,12/31/2267,,scinvoices@lqgroup.org.uk,,,,,0,,,,,,,,,,,,,,,Cray House,,,,,0,1,0,,,,0,0,0,0,0,0,0,0,0,0,,,,0,0,,,,,0,,0,,0,,,0,0,0,,0,0,,0,0,0,0,,,,,,0
4440s001,,t0000031,,,,E-0504,,London and Quadrant Housing Trust,,1/1/2018,,,1/1/2018,12/31/2267,,scinvoices@lqgroup.org.uk,,,,,0,,,,,,,,,,,,,,,Cray House,,,,,0,1,0,,,,0,0,0,0,0,0,0,0,0,0,,,,0,0,,,,,0,,0,,0,,,0,0,0,,0,0,,0,0,0,0,,,,,,0
4440s001,,t0000032,,,,E-0505,,London and Quadrant Housing Trust,,1/1/2018,,,1/1/2018,12/31/2267,,scinvoices@lqgroup.org.uk,,,,,0,,,,,,,,,,,,,,,Cray House,,,,,0,1,0,,,,0,0,0,0,0,0,0,0,0,0,,,,0,0,,,,,0,,0,,0,,,0,0,0,,0,0,,0,0,0,0,,,,,,0
4440s001,,t0000033,,,,E-0601,,London and Quadrant Housing Trust,,1/1/2018,,,1/1/2018,12/31/2267,,scinvoices@lqgroup.org.uk,,,,,0,,,,,,,,,,,,,,,Cray House,,,,,0,1,0,,,,0,0,0,0,0,0,0,0,0,0,,,,0,0,,,,,0,,0,,0,,,0,0,0,,0,0,,0,0,0,0,,,,,,0
4440s001,,t0000034,,,,E-0602,,London and Quadrant Housing Trust,,1/1/2018,,,1/1/2018,12/31/2267,,scinvoices@lqgroup.org.uk,,,,,0,,,,,,,,,,,,,,,Cray House,,,,,0,1,0,,,,0,0,0,0,0,0,0,0,0,0,,,,0,0,,,,,0,,0,,0,,,0,0,0,,0,0,,0,0,0,0,,,,,,0
4440s001,,t0000035,,,,E-0603,,London and Quadrant Housing Trust,,1/1/2018,,,1/1/2018,12/31/2267,,scinvoices@lqgroup.org.uk,,,,,0,,,,,,,,,,,,,,,Cray House,,,,,0,1,0,,,,0,0,0,0,0,0,0,0,0,0,,,,0,0,,,,,0,,0,,0,,,0,0,0,,0,0,,0,0,0,0,,,,,,0
4440s001,,t0000036,,,,E-0604,,London and Quadrant Housing Trust,,1/1/2018,,,1/1/2018,12/31/2267,,scinvoices@lqgroup.org.uk,,,,,0,,,,,,,,,,,,,,,Cray House,,,,,0,1,0,,,,0,0,0,0,0,0,0,0,0,0,,,,0,0,,,,,0,,0,,0,,,0,0,0,,0,0,,0,0,0,0,,,,,,0
4440s001,,t0000037,,,,E-0605,,London and Quadrant Housing Trust,,1/1/2018,,,1/1/2018,12/31/2267,,scinvoices@lqgroup.org.uk,,,,,0,,,,,,,,,,,,,,,Cray House,,,,,0,1,0,,,,0,0,0,0,0,0,0,0,0,0,,,,0,0,,,,,0,,0,,0,,,0,0,0,,0,0,,0,0,0,0,,,,,,0
4440s001,,t0000038,,,,E-0701,,London and Quadrant Housing Trust,,1/1/2018,,,1/1/2018,12/31/2267,,scinvoices@lqgroup.org.uk,,,,,0,,,,,,,,,,,,,,,Cray House,,,,,0,1,0,,,,0,0,0,0,0,0,0,0,0,0,,,,0,0,,,,,0,,0,,0,,,0,0,0,,0,0,,0,0,0,0,,,,,,0
4440s001,,t0000039,,,,E-0702,,London and Quadrant Housing Trust,,1/1/2018,,,1/1/2018,12/31/2267,,scinvoices@lqgroup.org.uk,,,,,0,,,,,,,,,,,,,,,Cray House,,,,,0,1,0,,,,0,0,0,0,0,0,0,0,0,0,,,,0,0,,,,,0,,0,,0,,,0,0,0,,0,0,,0,0,0,0,,,,,,0
4440s001,,t0000040,,,,E-0703,,London and Quadrant Housing Trust,,1/1/2018,,,1/1/2018,12/31/2267,,scinvoices@lqgroup.org.uk,,,,,0,,,,,,,,,,,,,,,Cray House,,,,,0,1,0,,,,0,0,0,0,0,0,0,0,0,0,,,,0,0,,,,,0,,0,,0,,,0,0,0,,0,0,,0,0,0,0,,,,,,0
4440s001,,t0000041,,,,E-0704,,London and Quadrant Housing Trust,,1/1/2018,,,1/1/2018,12/31/2267,,scinvoices@lqgroup.org.uk,,,,,0,,,,,,,,,,,,,,,Cray House,,,,,0,1,0,,,,0,0,0,0,0,0,0,0,0,0,,,,0,0,,,,,0,,0,,0,,,0,0,0,,0,0,,0,0,0,0,,,,,,0
4440s001,,t0000042,,,,E-0705,,London and Quadrant Housing Trust,,1/1/2018,,,1/1/2018,12/31/2267,,scinvoices@lqgroup.org.uk,,,,,0,,,,,,,,,,,,,,,Cray House,,,,,0,1,0,,,,0,0,0,0,0,0,0,0,0,0,,,,0,0,,,,,0,,0,,0,,,0,0,0,,0,0,,0,0,0,0,,,,,,0
4440s001,,t0000043,,,,E-0801,,London and Quadrant Housing Trust,,1/1/2018,,,1/1/2018,12/31/2267,,scinvoices@lqgroup.org.uk,,,,,0,,,,,,,,,,,,,,,Cray House,,,,,0,1,0,,,,0,0,0,0,0,0,0,0,0,0,,,,0,0,,,,,0,,0,,0,,,0,0,0,,0,0,,0,0,0,0,,,,,,0
4440s001,,t0000044,,,,E-0802,,London and Quadrant Housing Trust,,1/1/2018,,,1/1/2018,12/31/2267,,scinvoices@lqgroup.org.uk,,,,,0,,,,,,,,,,,,,,,Cray House,,,,,0,1,0,,,,0,0,0,0,0,0,0,0,0,0,,,,0,0,,,,,0,,0,,0,,,0,0,0,,0,0,,0,0,0,0,,,,,,0
4440s001,,t0000045,,,,E-0803,,London and Quadrant Housing Trust,,1/1/2018,,,1/1/2018,12/31/2267,,scinvoices@lqgroup.org.uk,,,,,0,,,,,,,,,,,,,,,Cray House,,,,,0,1,0,,,,0,0,0,0,0,0,0,0,0,0,,,,0,0,,,,,0,,0,,0,,,0,0,0,,0,0,,0,0,0,0,,,,,,0
4440s001,,t0000046,,,,E-0804,,London and Quadrant Housing Trust,,1/1/2018,,,1/1/2018,12/31/2267,,scinvoices@lqgroup.org.uk,,,,,0,,,,,,,,,,,,,,,Cray House,,,,,0,1,0,,,,0,0,0,0,0,0,0,0,0,0,,,,0,0,,,,,0,,0,,0,,,0,0,0,,0,0,,0,0,0,0,,,,,,0
4440s001,,t0000047,,,,E-0901,,London and Quadrant Housing Trust,,1/1/2018,,,1/1/2018,12/31/2267,,scinvoices@lqgroup.org.uk,,,,,0,,,,,,,,,,,,,,,Cray House,,,,,0,1,0,,,,0,0,0,0,0,0,0,0,0,0,,,,0,0,,,,,0,,0,,0,,,0,0,0,,0,0,,0,0,0,0,,,,,,0
4440s001,,t0000048,,,,E-0902,,London and Quadrant Housing Trust,,1/1/2018,,,1/1/2018,12/31/2267,,scinvoices@lqgroup.org.uk,,,,,0,,,,,,,,,,,,,,,Cray House,,,,,0,1,0,,,,0,0,0,0,0,0,0,0,0,0,,,,0,0,,,,,0,,0,,0,,,0,0,0,,0,0,,0,0,0,0,,,,,,0
4440s001,,t0000049,,,,E-0903,,London and Quadrant Housing Trust,,1/1/2018,,,1/1/2018,12/31/2267,,scinvoices@lqgroup.org.uk,,,,,0,,,,,,,,,,,,,,,Cray House,,,,,0,1,0,,,,0,0,0,0,0,0,0,0,0,0,,,,0,0,,,,,0,,0,,0,,,0,0,0,,0,0,,0,0,0,0,,,,,,0
4440s001,,t0000050,,,,E-0904,,London and Quadrant Housing Trust,,1/1/2018,,,1/1/2018,12/31/2267,,scinvoices@lqgroup.org.uk,,,,,0,,,,,,,,,,,,,,,Cray House,,,,,0,1,0,,,,0,0,0,0,0,0,0,0,0,0,,,,0,0,,,,,0,,0,,0,,,0,0,0,,0,0,,0,0,0,0,,,,,,0
4440s001,,t0000051,,,,F-0101,,London and Quadrant Housing Trust,,1/1/2018,,,1/1/2018,12/31/2267,,scinvoices@lqgroup.org.uk,,,,,0,,,,,,,,,,,,,,,Cray House,,,,,0,1,0,,,,0,0,0,0,0,0,0,0,0,0,,,,0,0,,,,,0,,0,,0,,,0,0,0,,0,0,,0,0,0,0,,,,,,0
4440s001,,t0000052,,,,F-0102,,London and Quadrant Housing Trust,,1/1/2018,,,1/1/2018,12/31/2267,,scinvoices@lqgroup.org.uk,,,,,0,,,,,,,,,,,,,,,Cray House,,,,,0,1,0,,,,0,0,0,0,0,0,0,0,0,0,,,,0,0,,,,,0,,0,,0,,,0,0,0,,0,0,,0,0,0,0,,,,,,0
4440s001,,t0000053,,,,F-0103,,London and Quadrant Housing Trust,,1/1/2018,,,1/1/2018,12/31/2267,,scinvoices@lqgroup.org.uk,,,,,0,,,,,,,,,,,,,,,Cray House,,,,,0,1,0,,,,0,0,0,0,0,0,0,0,0,0,,,,0,0,,,,,0,,0,,0,,,0,0,0,,0,0,,0,0,0,0,,,,,,0
4440s001,,t0000054,,,,F-0104,,London and Quadrant Housing Trust,,1/1/2018,,,1/1/2018,12/31/2267,,scinvoices@lqgroup.org.uk,,,,,0,,,,,,,,,,,,,,,Cray House,,,,,0,1,0,,,,0,0,0,0,0,0,0,0,0,0,,,,0,0,,,,,0,,0,,0,,,0,0,0,,0,0,,0,0,0,0,,,,,,0
4440s001,,t0000055,,,,F-0105,,London and Quadrant Housing Trust,,1/1/2018,,,1/1/2018,12/31/2267,,scinvoices@lqgroup.org.uk,,,,,0,,,,,,,,,,,,,,,Cray House,,,,,0,1,0,,,,0,0,0,0,0,0,0,0,0,0,,,,0,0,,,,,0,,0,,0,,,0,0,0,,0,0,,0,0,0,0,,,,,,0
4440s001,,t0000056,,,,F-0106,,London and Quadrant Housing Trust,,1/1/2018,,,1/1/2018,12/31/2267,,scinvoices@lqgroup.org.uk,,,,,0,,,,,,,,,,,,,,,Cray House,,,,,0,1,0,,,,0,0,0,0,0,0,0,0,0,0,,,,0,0,,,,,0,,0,,0,,,0,0,0,,0,0,,0,0,0,0,,,,,,0
4440s001,,t0000057,,,,F-0107,,London and Quadrant Housing Trust,,1/1/2018,,,1/1/2018,12/31/2267,,scinvoices@lqgroup.org.uk,,,,,0,,,,,,,,,,,,,,,Cray House,,,,,0,1,0,,,,0,0,0,0,0,0,0,0,0,0,,,,0,0,,,,,0,,0,,0,,,0,0,0,,0,0,,0,0,0,0,,,,,,0
4440s001,,t0000058,,,,F-0201,,London and Quadrant Housing Trust,,1/1/2018,,,1/1/2018,12/31/2267,,scinvoices@lqgroup.org.uk,,,,,0,,,,,,,,,,,,,,,Cray House,,,,,0,1,0,,,,0,0,0,0,0,0,0,0,0,0,,,,0,0,,,,,0,,0,,0,,,0,0,0,,0,0,,0,0,0,0,,,,,,0
4440s001,,t0000059,,,,F-0202,,London and Quadrant Housing Trust,,1/1/2018,,,1/1/2018,12/31/2267,,scinvoices@lqgroup.org.uk,,,,,0,,,,,,,,,,,,,,,Cray House,,,,,0,1,0,,,,0,0,0,0,0,0,0,0,0,0,,,,0,0,,,,,0,,0,,0,,,0,0,0,,0,0,,0,0,0,0,,,,,,0
4440s001,,t0000060,,,,F-0203,,London and Quadrant Housing Trust,,1/1/2018,,,1/1/2018,12/31/2267,,scinvoices@lqgroup.org.uk,,,,,0,,,,,,,,,,,,,,,Cray House,,,,,0,1,0,,,,0,0,0,0,0,0,0,0,0,0,,,,0,0,,,,,0,,0,,0,,,0,0,0,,0,0,,0,0,0,0,,,,,,0
4440s001,,t0000061,,,,F-0204,,London and Quadrant Housing Trust,,1/1/2018,,,1/1/2018,12/31/2267,,scinvoices@lqgroup.org.uk,,,,,0,,,,,,,,,,,,,,,Cray House,,,,,0,1,0,,,,0,0,0,0,0,0,0,0,0,0,,,,0,0,,,,,0,,0,,0,,,0,0,0,,0,0,,0,0,0,0,,,,,,0
4440s001,,t0000062,,,,F-0205,,London and Quadrant Housing Trust,,1/1/2018,,,1/1/2018,12/31/2267,,scinvoices@lqgroup.org.uk,,,,,0,,,,,,,,,,,,,,,Cray House,,,,,0,1,0,,,,0,0,0,0,0,0,0,0,0,0,,,,0,0,,,,,0,,0,,0,,,0,0,0,,0,0,,0,0,0,0,,,,,,0
4440s001,,t0000063,,,,F-0206,,London and Quadrant Housing Trust,,1/1/2018,,,1/1/2018,12/31/2267,,scinvoices@lqgroup.org.uk,,,,,0,,,,,,,,,,,,,,,Cray House,,,,,0,1,0,,,,0,0,0,0,0,0,0,0,0,0,,,,0,0,,,,,0,,0,,0,,,0,0,0,,0,0,,0,0,0,0,,,,,,0
4440s001,,t0000064,,,,F-0207,,London and Quadrant Housing Trust,,1/1/2018,,,1/1/2018,12/31/2267,,scinvoices@lqgroup.org.uk,,,,,0,,,,,,,,,,,,,,,Cray House,,,,,0,1,0,,,,0,0,0,0,0,0,0,0,0,0,,,,0,0,,,,,0,,0,,0,,,0,0,0,,0,0,,0,0,0,0,,,,,,0
4440s001,,t0000065,,,,F-0301,,London and Quadrant Housing Trust,,1/1/2018,,,1/1/2018,12/31/2267,,scinvoices@lqgroup.org.uk,,,,,0,,,,,,,,,,,,,,,Cray House,,,,,0,1,0,,,,0,0,0,0,0,0,0,0,0,0,,,,0,0,,,,,0,,0,,0,,,0,0,0,,0,0,,0,0,0,0,,,,,,0
4440s001,,t0000066,,,,F-0302,,London and Quadrant Housing Trust,,1/1/2018,,,1/1/2018,12/31/2267,,scinvoices@lqgroup.org.uk,,,,,0,,,,,,,,,,,,,,,Cray House,,,,,0,1,0,,,,0,0,0,0,0,0,0,0,0,0,,,,0,0,,,,,0,,0,,0,,,0,0,0,,0,0,,0,0,0,0,,,,,,0
4440s001,,t0000067,,,,F-0303,,London and Quadrant Housing Trust,,1/1/2018,,,1/1/2018,12/31/2267,,scinvoices@lqgroup.org.uk,,,,,0,,,,,,,,,,,,,,,Cray House,,,,,0,1,0,,,,0,0,0,0,0,0,0,0,0,0,,,,0,0,,,,,0,,0,,0,,,0,0,0,,0,0,,0,0,0,0,,,,,,0
4440s001,,t0000068,,,,F-0304,,London and Quadrant Housing Trust,,1/1/2018,,,1/1/2018,12/31/2267,,scinvoices@lqgroup.org.uk,,,,,0,,,,,,,,,,,,,,,Cray House,,,,,0,1,0,,,,0,0,0,0,0,0,0,0,0,0,,,,0,0,,,,,0,,0,,0,,,0,0,0,,0,0,,0,0,0,0,,,,,,0
4440s001,,t0000069,,,,F-0305,,London and Quadrant Housing Trust,,1/1/2018,,,1/1/2018,12/31/2267,,scinvoices@lqgroup.org.uk,,,,,0,,,,,,,,,,,,,,,Cray House,,,,,0,1,0,,,,0,0,0,0,0,0,0,0,0,0,,,,0,0,,,,,0,,0,,0,,,0,0,0,,0,0,,0,0,0,0,,,,,,0
4440s001,,t0000070,,,,F-0306,,London and Quadrant Housing Trust,,1/1/2018,,,1/1/2018,12/31/2267,,scinvoices@lqgroup.org.uk,,,,,0,,,,,,,,,,,,,,,Cray House,,,,,0,1,0,,,,0,0,0,0,0,0,0,0,0,0,,,,0,0,,,,,0,,0,,0,,,0,0,0,,0,0,,0,0,0,0,,,,,,0
4440s001,,t0000071,,,,F-0307,,London and Quadrant Housing Trust,,1/1/2018,,,1/1/2018,12/31/2267,,scinvoices@lqgroup.org.uk,,,,,0,,,,,,,,,,,,,,,Cray House,,,,,0,1,0,,,,0,0,0,0,0,0,0,0,0,0,,,,0,0,,,,,0,,0,,0,,,0,0,0,,0,0,,0,0,0,0,,,,,,0
4440s001,,t0000072,,,,F-0401,,London and Quadrant Housing Trust,,1/1/2018,,,1/1/2018,12/31/2267,,scinvoices@lqgroup.org.uk,,,,,0,,,,,,,,,,,,,,,Cray House,,,,,0,1,0,,,,0,0,0,0,0,0,0,0,0,0,,,,0,0,,,,,0,,0,,0,,,0,0,0,,0,0,,0,0,0,0,,,,,,0
4440s001,,t0000073,,,,F-0402,,London and Quadrant Housing Trust,,1/1/2018,,,1/1/2018,12/31/2267,,scinvoices@lqgroup.org.uk,,,,,0,,,,,,,,,,,,,,,Cray House,,,,,0,1,0,,,,0,0,0,0,0,0,0,0,0,0,,,,0,0,,,,,0,,0,,0,,,0,0,0,,0,0,,0,0,0,0,,,,,,0
4440s001,,t0000074,,,,F-0403,,London and Quadrant Housing Trust,,1/1/2018,,,1/1/2018,12/31/2267,,scinvoices@lqgroup.org.uk,,,,,0,,,,,,,,,,,,,,,Cray House,,,,,0,1,0,,,,0,0,0,0,0,0,0,0,0,0,,,,0,0,,,,,0,,0,,0,,,0,0,0,,0,0,,0,0,0,0,,,,,,0
4440s001,,t0000075,,,,F-0404,,London and Quadrant Housing Trust,,1/1/2018,,,1/1/2018,12/31/2267,,scinvoices@lqgroup.org.uk,,,,,0,,,,,,,,,,,,,,,Cray House,,,,,0,1,0,,,,0,0,0,0,0,0,0,0,0,0,,,,0,0,,,,,0,,0,,0,,,0,0,0,,0,0,,0,0,0,0,,,,,,0
4440s001,,t0000076,,,,F-0405,,London and Quadrant Housing Trust,,1/1/2018,,,1/1/2018,12/31/2267,,scinvoices@lqgroup.org.uk,,,,,0,,,,,,,,,,,,,,,Cray House,,,,,0,1,0,,,,0,0,0,0,0,0,0,0,0,0,,,,0,0,,,,,0,,0,,0,,,0,0,0,,0,0,,0,0,0,0,,,,,,0
4440s001,,t0000077,,,,F-0406,,London and Quadrant Housing Trust,,1/1/2018,,,1/1/2018,12/31/2267,,scinvoices@lqgroup.org.uk,,,,,0,,,,,,,,,,,,,,,Cray House,,,,,0,1,0,,,,0,0,0,0,0,0,0,0,0,0,,,,0,0,,,,,0,,0,,0,,,0,0,0,,0,0,,0,0,0,0,,,,,,0
4440s001,,t0000078,,,,F-0407,,London and Quadrant Housing Trust,,1/1/2018,,,1/1/2018,12/31/2267,,scinvoices@lqgroup.org.uk,,,,,0,,,,,,,,,,,,,,,Cray House,,,,,0,1,0,,,,0,0,0,0,0,0,0,0,0,0,,,,0,0,,,,,0,,0,,0,,,0,0,0,,0,0,,0,0,0,0,,,,,,0
4440s001,,t0000079,,,,F-0501,,London and Quadrant Housing Trust,,1/1/2018,,,1/1/2018,12/31/2267,,scinvoices@lqgroup.org.uk,,,,,0,,,,,,,,,,,,,,,Cray House,,,,,0,1,0,,,,0,0,0,0,0,0,0,0,0,0,,,,0,0,,,,,0,,0,,0,,,0,0,0,,0,0,,0,0,0,0,,,,,,0
4440s001,,t0000080,,,,F-0502,,London and Quadrant Housing Trust,,1/1/2018,,,1/1/2018,12/31/2267,,scinvoices@lqgroup.org.uk,,,,,0,,,,,,,,,,,,,,,Cray House,,,,,0,1,0,,,,0,0,0,0,0,0,0,0,0,0,,,,0,0,,,,,0,,0,,0,,,0,0,0,,0,0,,0,0,0,0,,,,,,0
4440s001,,t0000081,,,,F-0503,,London and Quadrant Housing Trust,,1/1/2018,,,1/1/2018,12/31/2267,,scinvoices@lqgroup.org.uk,,,,,0,,,,,,,,,,,,,,,Cray House,,,,,0,1,0,,,,0,0,0,0,0,0,0,0,0,0,,,,0,0,,,,,0,,0,,0,,,0,0,0,,0,0,,0,0,0,0,,,,,,0
4440s001,,t0000082,,,,F-0504,,London and Quadrant Housing Trust,,1/1/2018,,,1/1/2018,12/31/2267,,scinvoices@lqgroup.org.uk,,,,,0,,,,,,,,,,,,,,,Cray House,,,,,0,1,0,,,,0,0,0,0,0,0,0,0,0,0,,,,0,0,,,,,0,,0,,0,,,0,0,0,,0,0,,0,0,0,0,,,,,,0
4440s001,,t0000083,,,,F-0505,,London and Quadrant Housing Trust,,1/1/2018,,,1/1/2018,12/31/2267,,scinvoices@lqgroup.org.uk,,,,,0,,,,,,,,,,,,,,,Cray House,,,,,0,1,0,,,,0,0,0,0,0,0,0,0,0,0,,,,0,0,,,,,0,,0,,0,,,0,0,0,,0,0,,0,0,0,0,,,,,,0
4440s001,,t0000084,,,,F-0506,,London and Quadrant Housing Trust,,1/1/2018,,,1/1/2018,12/31/2267,,scinvoices@lqgroup.org.uk,,,,,0,,,,,,,,,,,,,,,Cray House,,,,,0,1,0,,,,0,0,0,0,0,0,0,0,0,0,,,,0,0,,,,,0,,0,,0,,,0,0,0,,0,0,,0,0,0,0,,,,,,0
4440s001,,t0000085,,,,F-0507,,London and Quadrant Housing Trust,,1/1/2018,,,1/1/2018,12/31/2267,,scinvoices@lqgroup.org.uk,,,,,0,,,,,,,,,,,,,,,Cray House,,,,,0,1,0,,,,0,0,0,0,0,0,0,0,0,0,,,,0,0,,,,,0,,0,,0,,,0,0,0,,0,0,,0,0,0,0,,,,,,0
4440s001,,t0000086,,,,F-0601,,London and Quadrant Housing Trust,,1/1/2018,,,1/1/2018,12/31/2267,,scinvoices@lqgroup.org.uk,,,,,0,,,,,,,,,,,,,,,Cray House,,,,,0,1,0,,,,0,0,0,0,0,0,0,0,0,0,,,,0,0,,,,,0,,0,,0,,,0,0,0,,0,0,,0,0,0,0,,,,,,0
4440s001,,t0000087,,,,F-0602,,London and Quadrant Housing Trust,,1/1/2018,,,1/1/2018,12/31/2267,,scinvoices@lqgroup.org.uk,,,,,0,,,,,,,,,,,,,,,Cray House,,,,,0,1,0,,,,0,0,0,0,0,0,0,0,0,0,,,,0,0,,,,,0,,0,,0,,,0,0,0,,0,0,,0,0,0,0,,,,,,0
4440s001,,t0000088,,,,F-0603,,London and Quadrant Housing Trust,,1/1/2018,,,1/1/2018,12/31/2267,,scinvoices@lqgroup.org.uk,,,,,0,,,,,,,,,,,,,,,Cray House,,,,,0,1,0,,,,0,0,0,0,0,0,0,0,0,0,,,,0,0,,,,,0,,0,,0,,,0,0,0,,0,0,,0,0,0,0,,,,,,0
4440s001,,t0000089,,,,F-0604,,London and Quadrant Housing Trust,,1/1/2018,,,1/1/2018,12/31/2267,,scinvoices@lqgroup.org.uk,,,,,0,,,,,,,,,,,,,,,Cray House,,,,,0,1,0,,,,0,0,0,0,0,0,0,0,0,0,,,,0,0,,,,,0,,0,,0,,,0,0,0,,0,0,,0,0,0,0,,,,,,0
4440s001,,t0000090,,,,F-0605,,London and Quadrant Housing Trust,,1/1/2018,,,1/1/2018,12/31/2267,,scinvoices@lqgroup.org.uk,,,,,0,,,,,,,,,,,,,,,Cray House,,,,,0,1,0,,,,0,0,0,0,0,0,0,0,0,0,,,,0,0,,,,,0,,0,,0,,,0,0,0,,0,0,,0,0,0,0,,,,,,0
4440s001,,t0000091,,,,F-0606,,London and Quadrant Housing Trust,,1/1/2018,,,1/1/2018,12/31/2267,,scinvoices@lqgroup.org.uk,,,,,0,,,,,,,,,,,,,,,Cray House,,,,,0,1,0,,,,0,0,0,0,0,0,0,0,0,0,,,,0,0,,,,,0,,0,,0,,,0,0,0,,0,0,,0,0,0,0,,,,,,0
4440s001,,t0000092,,,,F-0607,,London and Quadrant Housing Trust,,1/1/2018,,,1/1/2018,12/31/2267,,scinvoices@lqgroup.org.uk,,,,,0,,,,,,,,,,,,,,,Cray House,,,,,0,1,0,,,,0,0,0,0,0,0,0,0,0,0,,,,0,0,,,,,0,,0,,0,,,0,0,0,,0,0,,0,0,0,0,,,,,,0
4440s001,,t0000093,,,,F-0701,,London and Quadrant Housing Trust,,1/1/2018,,,1/1/2018,12/31/2267,,scinvoices@lqgroup.org.uk,,,,,0,,,,,,,,,,,,,,,Cray House,,,,,0,1,0,,,,0,0,0,0,0,0,0,0,0,0,,,,0,0,,,,,0,,0,,0,,,0,0,0,,0,0,,0,0,0,0,,,,,,0
4440s001,,t0000094,,,,F-0702,,London and Quadrant Housing Trust,,1/1/2018,,,1/1/2018,12/31/2267,,scinvoices@lqgroup.org.uk,,,,,0,,,,,,,,,,,,,,,Cray House,,,,,0,1,0,,,,0,0,0,0,0,0,0,0,0,0,,,,0,0,,,,,0,,0,,0,,,0,0,0,,0,0,,0,0,0,0,,,,,,0
4440s001,,t0000095,,,,F-0703,,London and Quadrant Housing Trust,,1/1/2018,,,1/1/2018,12/31/2267,,scinvoices@lqgroup.org.uk,,,,,0,,,,,,,,,,,,,,,Cray House,,,,,0,1,0,,,,0,0,0,0,0,0,0,0,0,0,,,,0,0,,,,,0,,0,,0,,,0,0,0,,0,0,,0,0,0,0,,,,,,0
4440s001,,t0000096,,,,F-0704,,London and Quadrant Housing Trust,,1/1/2018,,,1/1/2018,12/31/2267,,scinvoices@lqgroup.org.uk,,,,,0,,,,,,,,,,,,,,,Cray House,,,,,0,1,0,,,,0,0,0,0,0,0,0,0,0,0,,,,0,0,,,,,0,,0,,0,,,0,0,0,,0,0,,0,0,0,0,,,,,,0
4440s001,,t0000097,,,,F-0705,,London and Quadrant Housing Trust,,1/1/2018,,,1/1/2018,12/31/2267,,scinvoices@lqgroup.org.uk,,,,,0,,,,,,,,,,,,,,,Cray House,,,,,0,1,0,,,,0,0,0,0,0,0,0,0,0,0,,,,0,0,,,,,0,,0,,0,,,0,0,0,,0,0,,0,0,0,0,,,,,,0
4440s001,,t0000098,,,,F-0706,,London and Quadrant Housing Trust,,1/1/2018,,,1/1/2018,12/31/2267,,scinvoices@lqgroup.org.uk,,,,,0,,,,,,,,,,,,,,,Cray House,,,,,0,1,0,,,,0,0,0,0,0,0,0,0,0,0,,,,0,0,,,,,0,,0,,0,,,0,0,0,,0,0,,0,0,0,0,,,,,,0
4440s002,,t0000099,,,,B-0101,,London and Quadrant Housing Trust,,1/1/2018,,,1/1/2018,12/31/2267,,scinvoices@lqgroup.org.uk,,,,,0,,,,,,,,,,,,,,,Cray House,,,,,0,1,0,,,,0,0,0,0,0,0,0,0,0,0,,,,0,0,,,,,0,,0,,0,,,0,0,0,,0,0,,0,0,0,0,,,,,,0
4440s002,,t0000100,,,,B-0102,,London and Quadrant Housing Trust,,1/1/2018,,,1/1/2018,12/31/2267,,scinvoices@lqgroup.org.uk,,,,,0,,,,,,,,,,,,,,,Cray House,,,,,0,1,0,,,,0,0,0,0,0,0,0,0,0,0,,,,0,0,,,,,0,,0,,0,,,0,0,0,,0,0,,0,0,0,0,,,,,,0
4440s002,,t0000101,,,,B-0103,,London and Quadrant Housing Trust,,1/1/2018,,,1/1/2018,12/31/2267,,scinvoices@lqgroup.org.uk,,,,,0,,,,,,,,,,,,,,,Cray House,,,,,0,1,0,,,,0,0,0,0,0,0,0,0,0,0,,,,0,0,,,,,0,,0,,0,,,0,0,0,,0,0,,0,0,0,0,,,,,,0
4440s002,,t0000102,,,,B-0104,,London and Quadrant Housing Trust,,1/1/2018,,,1/1/2018,12/31/2267,,scinvoices@lqgroup.org.uk,,,,,0,,,,,,,,,,,,,,,Cray House,,,,,0,1,0,,,,0,0,0,0,0,0,0,0,0,0,,,,0,0,,,,,0,,0,,0,,,0,0,0,,0,0,,0,0,0,0,,,,,,0
4440s002,,t0000103,,,,B-0105,,London and Quadrant Housing Trust,,1/1/2018,,,1/1/2018,12/31/2267,,scinvoices@lqgroup.org.uk,,,,,0,,,,,,,,,,,,,,,Cray House,,,,,0,1,0,,,,0,0,0,0,0,0,0,0,0,0,,,,0,0,,,,,0,,0,,0,,,0,0,0,,0,0,,0,0,0,0,,,,,,0
4440s002,,t0000104,,,,B-0201,,London and Quadrant Housing Trust,,1/1/2018,,,1/1/2018,12/31/2267,,scinvoices@lqgroup.org.uk,,,,,0,,,,,,,,,,,,,,,Cray House,,,,,0,1,0,,,,0,0,0,0,0,0,0,0,0,0,,,,0,0,,,,,0,,0,,0,,,0,0,0,,0,0,,0,0,0,0,,,,,,0
4440s002,,t0000105,,,,B-0202,,London and Quadrant Housing Trust,,1/1/2018,,,1/1/2018,12/31/2267,,scinvoices@lqgroup.org.uk,,,,,0,,,,,,,,,,,,,,,Cray House,,,,,0,1,0,,,,0,0,0,0,0,0,0,0,0,0,,,,0,0,,,,,0,,0,,0,,,0,0,0,,0,0,,0,0,0,0,,,,,,0
4440s002,,t0000106,,,,B-0203,,London and Quadrant Housing Trust,,1/1/2018,,,1/1/2018,12/31/2267,,scinvoices@lqgroup.org.uk,,,,,0,,,,,,,,,,,,,,,Cray House,,,,,0,1,0,,,,0,0,0,0,0,0,0,0,0,0,,,,0,0,,,,,0,,0,,0,,,0,0,0,,0,0,,0,0,0,0,,,,,,0
4440s002,,t0000107,,,,B-0204,,London and Quadrant Housing Trust,,1/1/2018,,,1/1/2018,12/31/2267,,scinvoices@lqgroup.org.uk,,,,,0,,,,,,,,,,,,,,,Cray House,,,,,0,1,0,,,,0,0,0,0,0,0,0,0,0,0,,,,0,0,,,,,0,,0,,0,,,0,0,0,,0,0,,0,0,0,0,,,,,,0
4440s002,,t0000108,,,,B-0205,,London and Quadrant Housing Trust,,1/1/2018,,,1/1/2018,12/31/2267,,scinvoices@lqgroup.org.uk,,,,,0,,,,,,,,,,,,,,,Cray House,,,,,0,1,0,,,,0,0,0,0,0,0,0,0,0,0,,,,0,0,,,,,0,,0,,0,,,0,0,0,,0,0,,0,0,0,0,,,,,,0
4440s002,,t0000109,,,,B-0301,,London and Quadrant Housing Trust,,1/1/2018,,,1/1/2018,12/31/2267,,scinvoices@lqgroup.org.uk,,,,,0,,,,,,,,,,,,,,,Cray House,,,,,0,1,0,,,,0,0,0,0,0,0,0,0,0,0,,,,0,0,,,,,0,,0,,0,,,0,0,0,,0,0,,0,0,0,0,,,,,,0
4440s002,,t0000110,,,,B-0302,,London and Quadrant Housing Trust,,1/1/2018,,,1/1/2018,12/31/2267,,scinvoices@lqgroup.org.uk,,,,,0,,,,,,,,,,,,,,,Cray House,,,,,0,1,0,,,,0,0,0,0,0,0,0,0,0,0,,,,0,0,,,,,0,,0,,0,,,0,0,0,,0,0,,0,0,0,0,,,,,,0
4440s002,,t0000111,,,,B-0303,,London and Quadrant Housing Trust,,1/1/2018,,,1/1/2018,12/31/2267,,scinvoices@lqgroup.org.uk,,,,,0,,,,,,,,,,,,,,,Cray House,,,,,0,1,0,,,,0,0,0,0,0,0,0,0,0,0,,,,0,0,,,,,0,,0,,0,,,0,0,0,,0,0,,0,0,0,0,,,,,,0
4440s002,,t0000112,,,,B-0304,,London and Quadrant Housing Trust,,1/1/2018,,,1/1/2018,12/31/2267,,scinvoices@lqgroup.org.uk,,,,,0,,,,,,,,,,,,,,,Cray House,,,,,0,1,0,,,,0,0,0,0,0,0,0,0,0,0,,,,0,0,,,,,0,,0,,0,,,0,0,0,,0,0,,0,0,0,0,,,,,,0
4440s002,,t0000113,,,,B-0305,,London and Quadrant Housing Trust,,1/1/2018,,,1/1/2018,12/31/2267,,scinvoices@lqgroup.org.uk,,,,,0,,,,,,,,,,,,,,,Cray House,,,,,0,1,0,,,,0,0,0,0,0,0,0,0,0,0,,,,0,0,,,,,0,,0,,0,,,0,0,0,,0,0,,0,0,0,0,,,,,,0
4440s002,,t0000114,,,,B-0401,,London and Quadrant Housing Trust,,1/1/2018,,,1/1/2018,12/31/2267,,scinvoices@lqgroup.org.uk,,,,,0,,,,,,,,,,,,,,,Cray House,,,,,0,1,0,,,,0,0,0,0,0,0,0,0,0,0,,,,0,0,,,,,0,,0,,0,,,0,0,0,,0,0,,0,0,0,0,,,,,,0
4440s002,,t0000115,,,,B-0402,,London and Quadrant Housing Trust,,1/1/2018,,,1/1/2018,12/31/2267,,scinvoices@lqgroup.org.uk,,,,,0,,,,,,,,,,,,,,,Cray House,,,,,0,1,0,,,,0,0,0,0,0,0,0,0,0,0,,,,0,0,,,,,0,,0,,0,,,0,0,0,,0,0,,0,0,0,0,,,,,,0
4440s002,,t0000116,,,,B-0403,,London and Quadrant Housing Trust,,1/1/2018,,,1/1/2018,12/31/2267,,scinvoices@lqgroup.org.uk,,,,,0,,,,,,,,,,,,,,,Cray House,,,,,0,1,0,,,,0,0,0,0,0,0,0,0,0,0,,,,0,0,,,,,0,,0,,0,,,0,0,0,,0,0,,0,0,0,0,,,,,,0
4440s002,,t0000117,,,,B-0404,,London and Quadrant Housing Trust,,1/1/2018,,,1/1/2018,12/31/2267,,scinvoices@lqgroup.org.uk,,,,,0,,,,,,,,,,,,,,,Cray House,,,,,0,1,0,,,,0,0,0,0,0,0,0,0,0,0,,,,0,0,,,,,0,,0,,0,,,0,0,0,,0,0,,0,0,0,0,,,,,,0
4440s002,,t0000118,,,,B-0405,,London and Quadrant Housing Trust,,1/1/2018,,,1/1/2018,12/31/2267,,scinvoices@lqgroup.org.uk,,,,,0,,,,,,,,,,,,,,,Cray House,,,,,0,1,0,,,,0,0,0,0,0,0,0,0,0,0,,,,0,0,,,,,0,,0,,0,,,0,0,0,,0,0,,0,0,0,0,,,,,,0
4440s002,,t0000119,,,,B-0501,,London and Quadrant Housing Trust,,1/1/2018,,,1/1/2018,12/31/2267,,scinvoices@lqgroup.org.uk,,,,,0,,,,,,,,,,,,,,,Cray House,,,,,0,1,0,,,,0,0,0,0,0,0,0,0,0,0,,,,0,0,,,,,0,,0,,0,,,0,0,0,,0,0,,0,0,0,0,,,,,,0
4440s002,,t0000120,,,,B-0502,,London and Quadrant Housing Trust,,1/1/2018,,,1/1/2018,12/31/2267,,scinvoices@lqgroup.org.uk,,,,,0,,,,,,,,,,,,,,,Cray House,,,,,0,1,0,,,,0,0,0,0,0,0,0,0,0,0,,,,0,0,,,,,0,,0,,0,,,0,0,0,,0,0,,0,0,0,0,,,,,,0
4440s002,,t0000121,,,,B-0503,,London and Quadrant Housing Trust,,1/1/2018,,,1/1/2018,12/31/2267,,scinvoices@lqgroup.org.uk,,,,,0,,,,,,,,,,,,,,,Cray House,,,,,0,1,0,,,,0,0,0,0,0,0,0,0,0,0,,,,0,0,,,,,0,,0,,0,,,0,0,0,,0,0,,0,0,0,0,,,,,,0
4440s002,,t0000122,,,,B-0504,,London and Quadrant Housing Trust,,1/1/2018,,,1/1/2018,12/31/2267,,scinvoices@lqgroup.org.uk,,,,,0,,,,,,,,,,,,,,,Cray House,,,,,0,1,0,,,,0,0,0,0,0,0,0,0,0,0,,,,0,0,,,,,0,,0,,0,,,0,0,0,,0,0,,0,0,0,0,,,,,,0
4440s002,,t0000123,,,,B-0505,,London and Quadrant Housing Trust,,1/1/2018,,,1/1/2018,12/31/2267,,scinvoices@lqgroup.org.uk,,,,,0,,,,,,,,,,,,,,,Cray House,,,,,0,1,0,,,,0,0,0,0,0,0,0,0,0,0,,,,0,0,,,,,0,,0,,0,,,0,0,0,,0,0,,0,0,0,0,,,,,,0
4440s002,,t0000124,,,,B-0601,,London and Quadrant Housing Trust,,1/1/2018,,,1/1/2018,12/31/2267,,scinvoices@lqgroup.org.uk,,,,,0,,,,,,,,,,,,,,,Cray House,,,,,0,1,0,,,,0,0,0,0,0,0,0,0,0,0,,,,0,0,,,,,0,,0,,0,,,0,0,0,,0,0,,0,0,0,0,,,,,,0
4440s002,,t0000125,,,,B-0602,,London and Quadrant Housing Trust,,1/1/2018,,,1/1/2018,12/31/2267,,scinvoices@lqgroup.org.uk,,,,,0,,,,,,,,,,,,,,,Cray House,,,,,0,1,0,,,,0,0,0,0,0,0,0,0,0,0,,,,0,0,,,,,0,,0,,0,,,0,0,0,,0,0,,0,0,0,0,,,,,,0
4440s002,,t0000126,,,,B-0603,,London and Quadrant Housing Trust,,1/1/2018,,,1/1/2018,12/31/2267,,scinvoices@lqgroup.org.uk,,,,,0,,,,,,,,,,,,,,,Cray House,,,,,0,1,0,,,,0,0,0,0,0,0,0,0,0,0,,,,0,0,,,,,0,,0,,0,,,0,0,0,,0,0,,0,0,0,0,,,,,,0
4440s002,,t0000127,,,,B-0604,,London and Quadrant Housing Trust,,1/1/2018,,,1/1/2018,12/31/2267,,scinvoices@lqgroup.org.uk,,,,,0,,,,,,,,,,,,,,,Cray House,,,,,0,1,0,,,,0,0,0,0,0,0,0,0,0,0,,,,0,0,,,,,0,,0,,0,,,0,0,0,,0,0,,0,0,0,0,,,,,,0
4440s002,,t0000128,,,,B-0605,,London and Quadrant Housing Trust,,1/1/2018,,,1/1/2018,12/31/2267,,scinvoices@lqgroup.org.uk,,,,,0,,,,,,,,,,,,,,,Cray House,,,,,0,1,0,,,,0,0,0,0,0,0,0,0,0,0,,,,0,0,,,,,0,,0,,0,,,0,0,0,,0,0,,0,0,0,0,,,,,,0
4440s002,,t0000129,,,,B-0701,,London and Quadrant Housing Trust,,1/1/2018,,,1/1/2018,12/31/2267,,scinvoices@lqgroup.org.uk,,,,,0,,,,,,,,,,,,,,,Cray House,,,,,0,1,0,,,,0,0,0,0,0,0,0,0,0,0,,,,0,0,,,,,0,,0,,0,,,0,0,0,,0,0,,0,0,0,0,,,,,,0
4440s002,,t0000130,,,,B-0702,,London and Quadrant Housing Trust,,1/1/2018,,,1/1/2018,12/31/2267,,scinvoices@lqgroup.org.uk,,,,,0,,,,,,,,,,,,,,,Cray House,,,,,0,1,0,,,,0,0,0,0,0,0,0,0,0,0,,,,0,0,,,,,0,,0,,0,,,0,0,0,,0,0,,0,0,0,0,,,,,,0
4440s002,,t0000131,,,,B-0703,,London and Quadrant Housing Trust,,1/1/2018,,,1/1/2018,12/31/2267,,scinvoices@lqgroup.org.uk,,,,,0,,,,,,,,,,,,,,,Cray House,,,,,0,1,0,,,,0,0,0,0,0,0,0,0,0,0,,,,0,0,,,,,0,,0,,0,,,0,0,0,,0,0,,0,0,0,0,,,,,,0
4440s002,,t0000132,,,,B-0704,,London and Quadrant Housing Trust,,1/1/2018,,,1/1/2018,12/31/2267,,scinvoices@lqgroup.org.uk,,,,,0,,,,,,,,,,,,,,,Cray House,,,,,0,1,0,,,,0,0,0,0,0,0,0,0,0,0,,,,0,0,,,,,0,,0,,0,,,0,0,0,,0,0,,0,0,0,0,,,,,,0
4440s002,,t0000133,,,,B-0705,,London and Quadrant Housing Trust,,1/1/2018,,,1/1/2018,12/31/2267,,scinvoices@lqgroup.org.uk,,,,,0,,,,,,,,,,,,,,,Cray House,,,,,0,1,0,,,,0,0,0,0,0,0,0,0,0,0,,,,0,0,,,,,0,,0,,0,,,0,0,0,,0,0,,0,0,0,0,,,,,,0
4440s002,,t0000134,,,,B-0801,,London and Quadrant Housing Trust,,1/1/2018,,,1/1/2018,12/31/2267,,scinvoices@lqgroup.org.uk,,,,,0,,,,,,,,,,,,,,,Cray House,,,,,0,1,0,,,,0,0,0,0,0,0,0,0,0,0,,,,0,0,,,,,0,,0,,0,,,0,0,0,,0,0,,0,0,0,0,,,,,,0
4440s002,,t0000135,,,,B-0802,,London and Quadrant Housing Trust,,1/1/2018,,,1/1/2018,12/31/2267,,scinvoices@lqgroup.org.uk,,,,,0,,,,,,,,,,,,,,,Cray House,,,,,0,1,0,,,,0,0,0,0,0,0,0,0,0,0,,,,0,0,,,,,0,,0,,0,,,0,0,0,,0,0,,0,0,0,0,,,,,,0
4440s002,,t0000136,,,,B-0803,,London and Quadrant Housing Trust,,1/1/2018,,,1/1/2018,12/31/2267,,scinvoices@lqgroup.org.uk,,,,,0,,,,,,,,,,,,,,,Cray House,,,,,0,1,0,,,,0,0,0,0,0,0,0,0,0,0,,,,0,0,,,,,0,,0,,0,,,0,0,0,,0,0,,0,0,0,0,,,,,,0
4440s002,,t0000137,,,,B-0901,,London and Quadrant Housing Trust,,1/1/2018,,,1/1/2018,12/31/2267,,scinvoices@lqgroup.org.uk,,,,,0,,,,,,,,,,,,,,,Cray House,,,,,0,1,0,,,,0,0,0,0,0,0,0,0,0,0,,,,0,0,,,,,0,,0,,0,,,0,0,0,,0,0,,0,0,0,0,,,,,,0
4440s002,,t0000138,,,,B-0902,,London and Quadrant Housing Trust,,1/1/2018,,,1/1/2018,12/31/2267,,scinvoices@lqgroup.org.uk,,,,,0,,,,,,,,,,,,,,,Cray House,,,,,0,1,0,,,,0,0,0,0,0,0,0,0,0,0,,,,0,0,,,,,0,,0,,0,,,0,0,0,,0,0,,0,0,0,0,,,,,,0
4440s002,,t0000139,,,,B-0903,,London and Quadrant Housing Trust,,1/1/2018,,,1/1/2018,12/31/2267,,scinvoices@lqgroup.org.uk,,,,,0,,,,,,,,,,,,,,,Cray House,,,,,0,1,0,,,,0,0,0,0,0,0,0,0,0,0,,,,0,0,,,,,0,,0,,0,,,0,0,0,,0,0,,0,0,0,0,,,,,,0
4440s002,,t0000140,,,,C-0101,,London and Quadrant Housing Trust,,1/1/2018,,,1/1/2018,12/31/2267,,scinvoices@lqgroup.org.uk,,,,,0,,,,,,,,,,,,,,,Cray House,,,,,0,1,0,,,,0,0,0,0,0,0,0,0,0,0,,,,0,0,,,,,0,,0,,0,,,0,0,0,,0,0,,0,0,0,0,,,,,,0
4440s002,,t0000141,,,,C-0102,,London and Quadrant Housing Trust,,1/1/2018,,,1/1/2018,12/31/2267,,scinvoices@lqgroup.org.uk,,,,,0,,,,,,,,,,,,,,,Cray House,,,,,0,1,0,,,,0,0,0,0,0,0,0,0,0,0,,,,0,0,,,,,0,,0,,0,,,0,0,0,,0,0,,0,0,0,0,,,,,,0
4440s002,,t0000142,,,,C-0103,,London and Quadrant Housing Trust,,1/1/2018,,,1/1/2018,12/31/2267,,scinvoices@lqgroup.org.uk,,,,,0,,,,,,,,,,,,,,,Cray House,,,,,0,1,0,,,,0,0,0,0,0,0,0,0,0,0,,,,0,0,,,,,0,,0,,0,,,0,0,0,,0,0,,0,0,0,0,,,,,,0
4440s002,,t0000143,,,,C-0104,,London and Quadrant Housing Trust,,1/1/2018,,,1/1/2018,12/31/2267,,scinvoices@lqgroup.org.uk,,,,,0,,,,,,,,,,,,,,,Cray House,,,,,0,1,0,,,,0,0,0,0,0,0,0,0,0,0,,,,0,0,,,,,0,,0,,0,,,0,0,0,,0,0,,0,0,0,0,,,,,,0
4440s002,,t0000144,,,,C-0105,,London and Quadrant Housing Trust,,1/1/2018,,,1/1/2018,12/31/2267,,scinvoices@lqgroup.org.uk,,,,,0,,,,,,,,,,,,,,,Cray House,,,,,0,1,0,,,,0,0,0,0,0,0,0,0,0,0,,,,0,0,,,,,0,,0,,0,,,0,0,0,,0,0,,0,0,0,0,,,,,,0
4440s002,,t0000145,,,,C-0201,,London and Quadrant Housing Trust,,1/1/2018,,,1/1/2018,12/31/2267,,scinvoices@lqgroup.org.uk,,,,,0,,,,,,,,,,,,,,,Cray House,,,,,0,1,0,,,,0,0,0,0,0,0,0,0,0,0,,,,0,0,,,,,0,,0,,0,,,0,0,0,,0,0,,0,0,0,0,,,,,,0
4440s002,,t0000146,,,,C-0202,,London and Quadrant Housing Trust,,1/1/2018,,,1/1/2018,12/31/2267,,scinvoices@lqgroup.org.uk,,,,,0,,,,,,,,,,,,,,,Cray House,,,,,0,1,0,,,,0,0,0,0,0,0,0,0,0,0,,,,0,0,,,,,0,,0,,0,,,0,0,0,,0,0,,0,0,0,0,,,,,,0
4440s002,,t0000147,,,,C-0203,,London and Quadrant Housing Trust,,1/1/2018,,,1/1/2018,12/31/2267,,scinvoices@lqgroup.org.uk,,,,,0,,,,,,,,,,,,,,,Cray House,,,,,0,1,0,,,,0,0,0,0,0,0,0,0,0,0,,,,0,0,,,,,0,,0,,0,,,0,0,0,,0,0,,0,0,0,0,,,,,,0
4440s002,,t0000148,,,,C-0204,,London and Quadrant Housing Trust,,1/1/2018,,,1/1/2018,12/31/2267,,scinvoices@lqgroup.org.uk,,,,,0,,,,,,,,,,,,,,,Cray House,,,,,0,1,0,,,,0,0,0,0,0,0,0,0,0,0,,,,0,0,,,,,0,,0,,0,,,0,0,0,,0,0,,0,0,0,0,,,,,,0
4440s002,,t0000149,,,,C-0205,,London and Quadrant Housing Trust,,1/1/2018,,,1/1/2018,12/31/2267,,scinvoices@lqgroup.org.uk,,,,,0,,,,,,,,,,,,,,,Cray House,,,,,0,1,0,,,,0,0,0,0,0,0,0,0,0,0,,,,0,0,,,,,0,,0,,0,,,0,0,0,,0,0,,0,0,0,0,,,,,,0
4440s002,,t0000150,,,,C-0301,,London and Quadrant Housing Trust,,1/1/2018,,,1/1/2018,12/31/2267,,scinvoices@lqgroup.org.uk,,,,,0,,,,,,,,,,,,,,,Cray House,,,,,0,1,0,,,,0,0,0,0,0,0,0,0,0,0,,,,0,0,,,,,0,,0,,0,,,0,0,0,,0,0,,0,0,0,0,,,,,,0
4440s002,,t0000151,,,,C-0302,,London and Quadrant Housing Trust,,1/1/2018,,,1/1/2018,12/31/2267,,scinvoices@lqgroup.org.uk,,,,,0,,,,,,,,,,,,,,,Cray House,,,,,0,1,0,,,,0,0,0,0,0,0,0,0,0,0,,,,0,0,,,,,0,,0,,0,,,0,0,0,,0,0,,0,0,0,0,,,,,,0
4440s002,,t0000152,,,,C-0303,,London and Quadrant Housing Trust,,1/1/2018,,,1/1/2018,12/31/2267,,scinvoices@lqgroup.org.uk,,,,,0,,,,,,,,,,,,,,,Cray House,,,,,0,1,0,,,,0,0,0,0,0,0,0,0,0,0,,,,0,0,,,,,0,,0,,0,,,0,0,0,,0,0,,0,0,0,0,,,,,,0
4440s002,,t0000153,,,,C-0304,,London and Quadrant Housing Trust,,1/1/2018,,,1/1/2018,12/31/2267,,scinvoices@lqgroup.org.uk,,,,,0,,,,,,,,,,,,,,,Cray House,,,,,0,1,0,,,,0,0,0,0,0,0,0,0,0,0,,,,0,0,,,,,0,,0,,0,,,0,0,0,,0,0,,0,0,0,0,,,,,,0
4440s002,,t0000154,,,,C-0305,,London and Quadrant Housing Trust,,1/1/2018,,,1/1/2018,12/31/2267,,scinvoices@lqgroup.org.uk,,,,,0,,,,,,,,,,,,,,,Cray House,,,,,0,1,0,,,,0,0,0,0,0,0,0,0,0,0,,,,0,0,,,,,0,,0,,0,,,0,0,0,,0,0,,0,0,0,0,,,,,,0
4440s002,,t0000155,,,,C-0401,,London and Quadrant Housing Trust,,1/1/2018,,,1/1/2018,12/31/2267,,scinvoices@lqgroup.org.uk,,,,,0,,,,,,,,,,,,,,,Cray House,,,,,0,1,0,,,,0,0,0,0,0,0,0,0,0,0,,,,0,0,,,,,0,,0,,0,,,0,0,0,,0,0,,0,0,0,0,,,,,,0
4440s002,,t0000156,,,,C-0402,,London and Quadrant Housing Trust,,1/1/2018,,,1/1/2018,12/31/2267,,scinvoices@lqgroup.org.uk,,,,,0,,,,,,,,,,,,,,,Cray House,,,,,0,1,0,,,,0,0,0,0,0,0,0,0,0,0,,,,0,0,,,,,0,,0,,0,,,0,0,0,,0,0,,0,0,0,0,,,,,,0
4440s002,,t0000157,,,,C-0403,,London and Quadrant Housing Trust,,1/1/2018,,,1/1/2018,12/31/2267,,scinvoices@lqgroup.org.uk,,,,,0,,,,,,,,,,,,,,,Cray House,,,,,0,1,0,,,,0,0,0,0,0,0,0,0,0,0,,,,0,0,,,,,0,,0,,0,,,0,0,0,,0,0,,0,0,0,0,,,,,,0
4440s002,,t0000158,,,,C-0404,,London and Quadrant Housing Trust,,1/1/2018,,,1/1/2018,12/31/2267,,scinvoices@lqgroup.org.uk,,,,,0,,,,,,,,,,,,,,,Cray House,,,,,0,1,0,,,,0,0,0,0,0,0,0,0,0,0,,,,0,0,,,,,0,,0,,0,,,0,0,0,,0,0,,0,0,0,0,,,,,,0
4440s002,,t0000159,,,,C-0405,,London and Quadrant Housing Trust,,1/1/2018,,,1/1/2018,12/31/2267,,scinvoices@lqgroup.org.uk,,,,,0,,,,,,,,,,,,,,,Cray House,,,,,0,1,0,,,,0,0,0,0,0,0,0,0,0,0,,,,0,0,,,,,0,,0,,0,,,0,0,0,,0,0,,0,0,0,0,,,,,,0
4440s002,,t0000160,,,,C-0501,,London and Quadrant Housing Trust,,1/1/2018,,,1/1/2018,12/31/2267,,scinvoices@lqgroup.org.uk,,,,,0,,,,,,,,,,,,,,,Cray House,,,,,0,1,0,,,,0,0,0,0,0,0,0,0,0,0,,,,0,0,,,,,0,,0,,0,,,0,0,0,,0,0,,0,0,0,0,,,,,,0
4440s002,,t0000161,,,,C-0502,,London and Quadrant Housing Trust,,1/1/2018,,,1/1/2018,12/31/2267,,scinvoices@lqgroup.org.uk,,,,,0,,,,,,,,,,,,,,,Cray House,,,,,0,1,0,,,,0,0,0,0,0,0,0,0,0,0,,,,0,0,,,,,0,,0,,0,,,0,0,0,,0,0,,0,0,0,0,,,,,,0
4440s002,,t0000162,,,,C-0503,,London and Quadrant Housing Trust,,1/1/2018,,,1/1/2018,12/31/2267,,scinvoices@lqgroup.org.uk,,,,,0,,,,,,,,,,,,,,,Cray House,,,,,0,1,0,,,,0,0,0,0,0,0,0,0,0,0,,,,0,0,,,,,0,,0,,0,,,0,0,0,,0,0,,0,0,0,0,,,,,,0
4440s002,,t0000163,,,,C-0504,,London and Quadrant Housing Trust,,1/1/2018,,,1/1/2018,12/31/2267,,scinvoices@lqgroup.org.uk,,,,,0,,,,,,,,,,,,,,,Cray House,,,,,0,1,0,,,,0,0,0,0,0,0,0,0,0,0,,,,0,0,,,,,0,,0,,0,,,0,0,0,,0,0,,0,0,0,0,,,,,,0
4440s002,,t0000164,,,,C-0505,,London and Quadrant Housing Trust,,1/1/2018,,,1/1/2018,12/31/2267,,scinvoices@lqgroup.org.uk,,,,,0,,,,,,,,,,,,,,,Cray House,,,,,0,1,0,,,,0,0,0,0,0,0,0,0,0,0,,,,0,0,,,,,0,,0,,0,,,0,0,0,,0,0,,0,0,0,0,,,,,,0
4440s002,,t0000165,,,,C-0601,,London and Quadrant Housing Trust,,1/1/2018,,,1/1/2018,12/31/2267,,scinvoices@lqgroup.org.uk,,,,,0,,,,,,,,,,,,,,,Cray House,,,,,0,1,0,,,,0,0,0,0,0,0,0,0,0,0,,,,0,0,,,,,0,,0,,0,,,0,0,0,,0,0,,0,0,0,0,,,,,,0
4440s002,,t0000166,,,,C-0602,,London and Quadrant Housing Trust,,1/1/2018,,,1/1/2018,12/31/2267,,scinvoices@lqgroup.org.uk,,,,,0,,,,,,,,,,,,,,,Cray House,,,,,0,1,0,,,,0,0,0,0,0,0,0,0,0,0,,,,0,0,,,,,0,,0,,0,,,0,0,0,,0,0,,0,0,0,0,,,,,,0
4440s002,,t0000167,,,,C-0603,,London and Quadrant Housing Trust,,1/1/2018,,,1/1/2018,12/31/2267,,scinvoices@lqgroup.org.uk,,,,,0,,,,,,,,,,,,,,,Cray House,,,,,0,1,0,,,,0,0,0,0,0,0,0,0,0,0,,,,0,0,,,,,0,,0,,0,,,0,0,0,,0,0,,0,0,0,0,,,,,,0
4440s002,,t0000168,,,,C-0604,,London and Quadrant Housing Trust,,1/1/2018,,,1/1/2018,12/31/2267,,scinvoices@lqgroup.org.uk,,,,,0,,,,,,,,,,,,,,,Cray House,,,,,0,1,0,,,,0,0,0,0,0,0,0,0,0,0,,,,0,0,,,,,0,,0,,0,,,0,0,0,,0,0,,0,0,0,0,,,,,,0
4440s002,,t0000169,,,,C-0605,,London and Quadrant Housing Trust,,1/1/2018,,,1/1/2018,12/31/2267,,scinvoices@lqgroup.org.uk,,,,,0,,,,,,,,,,,,,,,Cray House,,,,,0,1,0,,,,0,0,0,0,0,0,0,0,0,0,,,,0,0,,,,,0,,0,,0,,,0,0,0,,0,0,,0,0,0,0,,,,,,0
4440s002,,t0000170,,,,C-0701,,London and Quadrant Housing Trust,,1/1/2018,,,1/1/2018,12/31/2267,,scinvoices@lqgroup.org.uk,,,,,0,,,,,,,,,,,,,,,Cray House,,,,,0,1,0,,,,0,0,0,0,0,0,0,0,0,0,,,,0,0,,,,,0,,0,,0,,,0,0,0,,0,0,,0,0,0,0,,,,,,0
4440s002,,t0000171,,,,C-0702,,London and Quadrant Housing Trust,,1/1/2018,,,1/1/2018,12/31/2267,,scinvoices@lqgroup.org.uk,,,,,0,,,,,,,,,,,,,,,Cray House,,,,,0,1,0,,,,0,0,0,0,0,0,0,0,0,0,,,,0,0,,,,,0,,0,,0,,,0,0,0,,0,0,,0,0,0,0,,,,,,0
4440s002,,t0000172,,,,C-0703,,London and Quadrant Housing Trust,,1/1/2018,,,1/1/2018,12/31/2267,,scinvoices@lqgroup.org.uk,,,,,0,,,,,,,,,,,,,,,Cray House,,,,,0,1,0,,,,0,0,0,0,0,0,0,0,0,0,,,,0,0,,,,,0,,0,,0,,,0,0,0,,0,0,,0,0,0,0,,,,,,0
4440s002,,t0000173,,,,C-0704,,London and Quadrant Housing Trust,,1/1/2018,,,1/1/2018,12/31/2267,,scinvoices@lqgroup.org.uk,,,,,0,,,,,,,,,,,,,,,Cray House,,,,,0,1,0,,,,0,0,0,0,0,0,0,0,0,0,,,,0,0,,,,,0,,0,,0,,,0,0,0,,0,0,,0,0,0,0,,,,,,0
4440s001,,t0000176,,,,CPS01-01,,London and Quadrant Housing Trust,,1/1/2018,,,1/1/2018,12/31/2267,,scinvoices@lqgroup.org.uk,,,,,0,,,,,,,,,,,,,,,Cray House,,,,,0,1,0,,,,0,0,0,0,0,0,0,0,0,0,,,,0,0,,,,,0,,0,,0,,,0,0,0,,0,0,,0,0,0,0,,,,,,0
4440s001,,t0000177,,,,CPS01-02,,London and Quadrant Housing Trust,,1/1/2018,,,1/1/2018,12/31/2267,,scinvoices@lqgroup.org.uk,,,,,0,,,,,,,,,,,,,,,Cray House,,,,,0,1,0,,,,0,0,0,0,0,0,0,0,0,0,,,,0,0,,,,,0,,0,,0,,,0,0,0,,0,0,,0,0,0,0,,,,,,0
4440s001,,t0000178,,,,CPS01-03,,London and Quadrant Housing Trust,,1/1/2018,,,1/1/2018,12/31/2267,,scinvoices@lqgroup.org.uk,,,,,0,,,,,,,,,,,,,,,Cray House,,,,,0,1,0,,,,0,0,0,0,0,0,0,0,0,0,,,,0,0,,,,,0,,0,,0,,,0,0,0,,0,0,,0,0,0,0,,,,,,0
4440s001,,t0000179,,,,CPS01-04,,London and Quadrant Housing Trust,,1/1/2018,,,1/1/2018,12/31/2267,,scinvoices@lqgroup.org.uk,,,,,0,,,,,,,,,,,,,,,Cray House,,,,,0,1,0,,,,0,0,0,0,0,0,0,0,0,0,,,,0,0,,,,,0,,0,,0,,,0,0,0,,0,0,,0,0,0,0,,,,,,0
4440s001,,t0000180,,,,CPS01-05,,London and Quadrant Housing Trust,,1/1/2018,,,1/1/2018,12/31/2267,,scinvoices@lqgroup.org.uk,,,,,0,,,,,,,,,,,,,,,Cray House,,,,,0,1,0,,,,0,0,0,0,0,0,0,0,0,0,,,,0,0,,,,,0,,0,,0,,,0,0,0,,0,0,,0,0,0,0,,,,,,0
4440s001,,t0000181,,,,CPS01-06,,London and Quadrant Housing Trust,,1/1/2018,,,1/1/2018,12/31/2267,,scinvoices@lqgroup.org.uk,,,,,0,,,,,,,,,,,,,,,Cray House,,,,,0,1,0,,,,0,0,0,0,0,0,0,0,0,0,,,,0,0,,,,,0,,0,,0,,,0,0,0,,0,0,,0,0,0,0,,,,,,0
4440s001,,t0000182,,,,CPS01-07,,London and Quadrant Housing Trust,,1/1/2018,,,1/1/2018,12/31/2267,,scinvoices@lqgroup.org.uk,,,,,0,,,,,,,,,,,,,,,Cray House,,,,,0,1,0,,,,0,0,0,0,0,0,0,0,0,0,,,,0,0,,,,,0,,0,,0,,,0,0,0,,0,0,,0,0,0,0,,,,,,0
4440s001,,t0000183,,,,CPS01-08,,London and Quadrant Housing Trust,,1/1/2018,,,1/1/2018,12/31/2267,,scinvoices@lqgroup.org.uk,,,,,0,,,,,,,,,,,,,,,Cray House,,,,,0,1,0,,,,0,0,0,0,0,0,0,0,0,0,,,,0,0,,,,,0,,0,,0,,,0,0,0,,0,0,,0,0,0,0,,,,,,0
4440s001,,t0000184,,,,CPS01-09,,London and Quadrant Housing Trust,,1/1/2018,,,1/1/2018,12/31/2267,,scinvoices@lqgroup.org.uk,,,,,0,,,,,,,,,,,,,,,Cray House,,,,,0,1,0,,,,0,0,0,0,0,0,0,0,0,0,,,,0,0,,,,,0,,0,,0,,,0,0,0,,0,0,,0,0,0,0,,,,,,0
4440s001,,t0000186,,,,CPS01-10,,London and Quadrant Housing Trust,,1/1/2018,,,1/1/2018,12/31/2267,,scinvoices@lqgroup.org.uk,,,,,0,,,,,,,,,,,,,,,Cray House,,,,,0,1,0,,,,0,0,0,0,0,0,0,0,0,0,,,,0,0,,,,,0,,0,,0,,,0,0,0,,0,0,,0,0,0,0,,,,,,0
4440s001,,t0000187,,,,CPS01-11,,London and Quadrant Housing Trust,,1/1/2018,,,1/1/2018,12/31/2267,,scinvoices@lqgroup.org.uk,,,,,0,,,,,,,,,,,,,,,Cray House,,,,,0,1,0,,,,0,0,0,0,0,0,0,0,0,0,,,,0,0,,,,,0,,0,,0,,,0,0,0,,0,0,,0,0,0,0,,,,,,0
4440s001,,t0000194,,,,H4R-01,,Lendlease (Elephant & Castle) Retail Limited,,6/7/2018,,,6/7/2018,6/6/2268,,luke.austen@savills.com,,,,,0,,,,,,,,,,,,,,,PO Box 52,,Telford,,,0,1,0,,,,0,0,0,0,0,0,0,0,0,0,,,,0,0,,,,,0,,0,,0,,,0,0,0,,0,0,,0,0,0,0,,,,,,0
4440s001,,t0000195,,,,H4R-02,,Lendlease (Elephant & Castle) Retail Limited,,6/7/2018,,,6/7/2018,6/6/2268,,luke.austen@savills.com,,,,,0,,,,,,,,,,,,,,,PO Box 52,,Telford,,,0,1,0,,,,0,0,0,0,0,0,0,0,0,0,,,,0,0,,,,,0,,0,,0,,,0,0,0,,0,0,,0,0,0,0,,,,,,0
4440s001,,t0000196,,,,H4R-03,,Lendlease (Elephant & Castle) Retail Limited,,6/7/2020,,,6/7/2020,6/6/2270,,luke.austen@savills.com,,,,,0,,,,,,,,,,,,,,,PO Box 52,,Telford,,,0,1,0,,,,0,0,0,0,0,0,0,0,0,0,,,,0,0,,,,,0,,0,,0,,,0,0,0,,0,0,,0,0,0,0,,,,,,0
4440s001,,t0000197,,,,H4R-04,,Lendlease (Elephant & Castle) Retail Limited,,1/1/2020,,,1/1/2020,12/31/2269,,luke.austen@savills.com,,,,,0,,,,,,,,,,,,,,,PO Box 52,,Telford,,,0,1,0,,,,0,0,0,0,0,0,0,0,0,0,,,,0,0,,,,,0,,0,,0,,,0,0,0,,0,0,,0,0,0,0,,,,,,0
4440s001,,t0000198,,,,H4R-05,,Lendlease (Elephant & Castle) Retail Limited,,6/7/2018,,,6/7/2018,6/6/2268,,luke.austen@savills.com,,,,,0,,,,,,,,,,,,,,,PO Box 52,,Telford,,,0,1,0,,,,0,0,0,0,0,0,0,0,0,0,,,,0,0,,,,,0,,0,,0,,,0,0,0,,0,0,,0,0,0,0,,,,,,0
4440s001,,t0000199,,,,H4R-06,,Lendlease (Elephant & Castle) Retail Limited,,1/1/2018,,,1/1/2018,12/31/2267,,luke.austen@savills.com,,,,,0,,,,,,,,,,,,,,,PO Box 52,,Telford,,,0,1,0,,,,0,0,0,0,0,0,0,0,0,0,,,,0,0,,,,,0,,0,,0,,,0,0,0,,0,0,,0,0,0,0,,,,,,0
4440s001,,t0000200,,,,H4R-07,,Lendlease (Elephant & Castle) Retail Limited,,6/7/2018,,,6/7/2018,6/6/2268,,luke.austen@savills.com,,,,,0,,,,,,,,,,,,,,,PO Box 52,,Telford,,,0,1,0,,,,0,0,0,0,0,0,0,0,0,0,,,,0,0,,,,,0,,0,,0,,,0,0,0,,0,0,,0,0,0,0,,,,,,0
4440s001,,t0000201,,,,H4R-08,,Lendlease (Elephant & Castle) Retail Limited,,6/7/2018,,,6/7/2018,6/6/2268,,luke.austen@savills.com,,,,,0,,,,,,,,,,,,,,,PO Box 52,,Telford,,,0,1,0,,,,0,0,0,0,0,0,0,0,0,0,,,,0,0,,,,,0,,0,,0,,,0,0,0,,0,0,,0,0,0,0,,,,,,0
4440s001,,t0000209,,,,H4R-FM,,LRIP E&C H4 LP acting through it general partner LRIP E&C H4 GP Ltd or LRIP E&C H4 GP acting as general partner for LRIP E&C H4 LP,,1/1/2018,,,1/1/2018,12/31/2267,,danny.thompson@lendlease.com,,,,,0,,,,,,,,,,,,,,,,,,,,0,1,0,,,,0,0,0,0,0,0,0,0,0,0,,,,0,0,,,,,0,,0,,0,,,0,0,0,,0,0,,0,0,0,0,,,,,,0
4440s002,,t0000188,,,,CPS02-01,,London and Quadrant Housing Trust,,1/1/2018,,,1/1/2018,12/31/2267,,scinvoices@lqgroup.org.uk,,,,,0,,,,,,,,,,,,,,,Cray House,,,,,0,1,0,,,,0,0,0,0,0,0,0,0,0,0,,,,0,0,,,,,0,,0,,0,,,0,0,0,,0,0,,0,0,0,0,,,,,,0
4440s002,,t0000189,,,,CPS02-02,,London and Quadrant Housing Trust,,1/1/2018,,,1/1/2018,12/31/2267,,scinvoices@lqgroup.org.uk,,,,,0,,,,,,,,,,,,,,,Cray House,,,,,0,1,0,,,,0,0,0,0,0,0,0,0,0,0,,,,0,0,,,,,0,,0,,0,,,0,0,0,,0,0,,0,0,0,0,,,,,,0
4440s002,,t0000190,,,,CPS02-03,,London and Quadrant Housing Trust,,1/1/2018,,,1/1/2018,12/31/2267,,scinvoices@lqgroup.org.uk,,,,,0,,,,,,,,,,,,,,,Cray House,,,,,0,1,0,,,,0,0,0,0,0,0,0,0,0,0,,,,0,0,,,,,0,,0,,0,,,0,0,0,,0,0,,0,0,0,0,,,,,,0
4440s002,,t0000191,,,,CPS02-04,,London and Quadrant Housing Trust,,1/1/2018,,,1/1/2018,12/31/2267,,scinvoices@lqgroup.org.uk,,,,,0,,,,,,,,,,,,,,,Cray House,,,,,0,1,0,,,,0,0,0,0,0,0,0,0,0,0,,,,0,0,,,,,0,,0,,0,,,0,0,0,,0,0,,0,0,0,0,,,,,,0
4440s002,,t0000192,,,,CPS02-05,,London and Quadrant Housing Trust,,1/1/2018,,,1/1/2018,12/31/2267,,scinvoices@lqgroup.org.uk,,,,,0,,,,,,,,,,,,,,,Cray House,,,,,0,1,0,,,,0,0,0,0,0,0,0,0,0,0,,,,0,0,,,,,0,,0,,0,,,0,0,0,,0,0,,0,0,0,0,,,,,,0
4440s002,,t0000193,,,,CPS02-06,,London and Quadrant Housing Trust,,1/1/2018,,,1/1/2018,12/31/2267,,scinvoices@lqgroup.org.uk,,,,,0,,,,,,,,,,,,,,,Cray House,,,,,0,1,0,,,,0,0,0,0,0,0,0,0,0,0,,,,0,0,,,,,0,,0,,0,,,0,0,0,,0,0,,0,0,0,0,,,,,,0
4440s002,,t0000202,,,,H5R01.02,,Lendlease (Elephant & Castle) Retail Limited,,6/7/2018,,,6/7/2018,6/6/2268,,luke.austen@savills.com,,,,,0,,,,,,,,,,,,,,,PO Box 52,,Telford,,,0,1,0,,,,0,0,0,0,0,0,0,0,0,0,,,,0,0,,,,,0,,0,,0,,,0,0,0,,0,0,,0,0,0,0,,,,,,0
4440s002,,t0000203,,,,H5R-03,,Lendlease (Elephant & Castle) Retail Limited,,6/7/2018,,,6/7/2018,6/6/2268,,luke.austen@savills.com,,,,,0,,,,,,,,,,,,,,,PO Box 52,,Telford,,,0,1,0,,,,0,0,0,0,0,0,0,0,0,0,,,,0,0,,,,,0,,0,,0,,,0,0,0,,0,0,,0,0,0,0,,,,,,0
4440s002,,t0000204,,,,H5R-04,,Lendlease (Elephant & Castle) Retail Limited,,6/7/2018,,,6/7/2018,6/6/2268,,luke.austen@savills.com,,,,,0,,,,,,,,,,,,,,,PO Box 52,,Telford,,,0,1,0,,,,0,0,0,0,0,0,0,0,0,0,,,,0,0,,,,,0,,0,,0,,,0,0,0,,0,0,,0,0,0,0,,,,,,0
4440s002,,t0000205,,,,H5R-05A,,Lendlease (Elephant & Castle) Retail Limited,,6/7/2018,,,6/7/2018,6/6/2268,,luke.austen@savills.com,,,,,0,,,,,,,,,,,,,,,PO Box 52,,Telford,,,0,1,0,,,,0,0,0,0,0,0,0,0,0,0,,,,0,0,,,,,0,,0,,0,,,0,0,0,,0,0,,0,0,0,0,,,,,,0
4440s002,,t0000206,,,,H5R-05B,,Lendlease (Elephant & Castle) Retail Limited,,6/7/2018,,,6/7/2018,6/6/2268,,luke.austen@savills.com,,,,,0,,,,,,,,,,,,,,,PO Box 52,,Telford,,,0,1,0,,,,0,0,0,0,0,0,0,0,0,0,,,,0,0,,,,,0,,0,,0,,,0,0,0,,0,0,,0,0,0,0,,,,,,0
4440s002,,t0000207,,,,H5R-05C,,Lendlease (Elephant & Castle) Retail Limited,,6/7/2018,,,6/7/2018,6/6/2268,,luke.austen@savills.com,,,,,0,,,,,,,,,,,,,,,PO Box 52,,Telford,,,0,1,0,,,,0,0,0,0,0,0,0,0,0,0,,,,0,0,,,,,0,,0,,0,,,0,0,0,,0,0,,0,0,0,0,,,,,,0
4440s002,,t0000208,,,,H5R-06,,Lend Lease (Elephant & Castle) Retail Limited,,6/7/2018,,,6/7/2018,6/6/2268,,luke.austen@savills.com,,,,,0,,,,,,,,,,,,,,,PO Box 52,,Telford,,,0,1,0,,,,0,0,0,0,0,0,0,0,0,0,,,,0,0,,,,,0,,0,,0,,,0,0,0,,0,0,,0,0,0,0,,,,,,0